claim_id,prediction
561205,[4.384084317938598]
528569,[2.949009122491966]
408550,[-1]
208451,[6.165575820663672]
394115,[-1]
243530,[6.044710152812982]
288203,[5.755813438598005]
991981,[4.817652487515653]
435094,[4.9815699930677315]
417848,[3.2315036114105764]
